{
    "Items": [
              {
              "Title": "Vehicle Info",
              "Subtitle": "Vehicle Information and History",
              "Tag": 31,
              "Type": "vehinfo",
              "Display": "Vehicle Information",
              "Url": "http://www.mobileappscm.com/custom/mobileappscm/ctl/feedVehInfo.aspx?a=SERVERID",
              "ShowIconType": "icon-Car.png"
              },
              {
              "Title": "Service History",
              "Subtitle": "Your Vehicle's Service History",
              "Tag": 32,
              "Type": "rootfeed",
              "Display": "Service History",
              "Url": "http://www.mobileappscm.com/custom/mobileappscm/ctl/feedService.aspx?t=json",
              "ShowIconType": "icon-Wrenches.png"
              },
              {
              "Title": "Loyalty Rewards",
              "Subtitle": "View Point Balance and Redeem Points",
              "Tag": 45,
              "Type": "vehinfo",
              "Display": "Loyalty Rewards",
              "Url": "http://www.mobileappscm.com/custom/mobileappscm/ctl/feedPoints.aspx?t=json&a=SERVERID",
              "ShowIconType": "icon-Gears.png"
              }
              ]
}