{
    "Items": [
             
              {
              "Title": "Call Service Department",
              "Subtitle": "",
              "Tag": 13,
              "Type": "callservice",
              "ShowIconType": "icon-Cellphone.png"
              },
              {
              "Title": "Schedule Service",
              "Subtitle": "",
              "Tag": 23,
              "Type": "help",
              "Display":"Service Department",
              "Url": "http://www.mobileappscm.com/custom/mobileappscm/ctl/feedNewsInventoryRedirect.aspx?type=servicesched&a=SERVERID",
              "ShowIconType": "icon-Calendar.png"
              }
              ,{
              "Title": "Service Specials",
              "Subtitle": "Special Deals for Mobile Users",
              "Tag": 11,
              "Type": "help",
              "Display": "Service Specials",
              "Url": "http://www.mobileappscm.com/custom/mobileappscm/ctl/feedNewsInventoryRedirect.aspx?type=specials&a=SERVERID",
              "ShowIconType": "icon-Website.png"
              }
              ]
}