{
    "Items": [
              {
              "Title": "Call Us",
              "Subtitle": "Sales Department",
              "Tag": 13,
              "Type": "call",
              "ShowIconType": "icon-Cellphone.png"
              },
              {
              "Title": "Call Service Department",
              "Subtitle": "Parts and Service",
              "Tag": 13,
              "Type": "callservice",
              "ShowIconType": "icon-Cellphone.png"
              },
              {
              "Title": "Location",
              "Subtitle": "View Map & Directions",
              "Tag": 13,
              "Type": "directions",
              "ShowIconType": "icon-Compass.png"
              },
              {
              "Title": "Website",
              "Subtitle": "Visit our Website",
              "Tag": 13,
              "Type": "website",
              "ShowIconType": "icon-Website.png"
              },
              {
              "Title": "Email",
              "Subtitle": "Send us an Email",
              "Tag": 13,
              "Type": "email",
              "ShowIconType": "icon-Envelope.png"
              }
              ]
}