{
    "Items": [
              
              {
              "Title": "Retrieve Vehicles using Email and Password",
              "Subtitle": "",
              "Tag": 64,
              "ShowIconType": "icon-Car.png"
              },
              {
              "Title": "Manually Add Vehicles Using VIN",
              "Subtitle": "",
              "Tag": 63,
              "ShowIconType": "icon-Car.png"
              },
              {
              "Title": "Change Password",
              "Subtitle": "",
              "Tag": 66,
              "ShowIconType": "icon-Key.png"
              },
              {
              "Title": "Forgot Password?",
              "Subtitle": "",
              "Tag": 65,
              "ShowIconType": "icon-QuestionMark.png"
              }
              ]
}