{
    "Items": [
             
              {
              "Title": "Max Cool or Max Fuel?",
              "Subtitle": "Max Cool or Max Fuel?",
              "Tag": 23,
              "Type": "help",
              "Display":"Max Cool or Max Fuel?",
              "Url": "http://www.mobileappscm.com/custom/mobileappscm/ctl/feedNews.aspx?type=servicesched&a=SERVERID&f=2763",
              "ShowIconType": "icon-1.png"
              },
              {
              "Title": "A Breath of Fresh Air",
              "Subtitle": "A Breath of Fresh Air",
              "Tag": 23,
              "Type": "help",
              "Display":"A Breath of Fresh Air",
              "Url": "http://www.mobileappscm.com/custom/mobileappscm/ctl/feedNews.aspx?type=servicesched&a=SERVERID&f=2771",
              "ShowIconType": "icon-2.png"
              }
              ,{
              "Title": "Don’t Get Cabin FEVER!",
              "Subtitle": "Don’t Get Cabin FEVER!",
              "Tag": 11,
              "Type": "help",
              "Display": "Don’t Get Cabin FEVER!",
              "Url": "http://www.mobileappscm.com/custom/mobileappscm/ctl/feedNews.aspx?type=servicesched&a=SERVERID&f=2772",
              "ShowIconType": "icon-3.png"
              }
			   ,{
              "Title": "Squeeze the Most Out of Your Fuel",
              "Subtitle": "Squeeze the Most Out of Your Fuel",
              "Tag": 11,
              "Type": "help",
              "Display": "Squeeze the Most Out of Your Fuel",
              "Url": "http://www.mobileappscm.com/custom/mobileappscm/ctl/feedNews.aspx?type=servicesched&a=SERVERID&f=2773",
              "ShowIconType": "icon-4.png"
              }
			   ,{
              "Title": "Idle = ZER0 MPG",
              "Subtitle": "Idle = ZER0 MPG",
              "Tag": 11,
              "Type": "help",
              "Display": "Idle = ZER0 MPG",
              "Url": "http://www.mobileappscm.com/custom/mobileappscm/ctl/feedNews.aspx?type=servicesched&a=SERVERID&f=2774",
              "ShowIconType": "icon-5.png"
              }
			   ,{
              "Title": "Accelerate Your MPG",
              "Subtitle": "Accelerate Your MPG",
              "Tag": 11,
              "Type": "help",
              "Display": "Accelerate Your MPG",
              "Url": "http://www.mobileappscm.com/custom/mobileappscm/ctl/feedNews.aspx?type=servicesched&a=SERVERID&f=2775",
              "ShowIconType": "icon-6.png"
              },
              {
              "Title": "MPG Calculator",
              "Subtitle": "Calculate and Track Your MPG",
              "Tag": 141,
              "ShowIconType": "icon-GasPump.png"
              }
              ]
}